name,percent_alcohol,rating,price,reviews
Hibiki Harmony,70cl / 43%,4,£76.95,(60Reviews)
Yamazaki 12 Year Old,70cl / 43%,4.5,£150,(94Reviews)
Yamazaki Distiller's Reserve,70cl / 43%,4.5,£72.95,(54Reviews)
Nikka Coffey Grain Whisky,70cl / 45%,4.5,£57.95,(52Reviews)
The Chita Whisky,70cl / 43%,4.5,£51.95,(42Reviews)
Hakushu Distiller's Reserve,70cl / 43%,4.5,£70.95,(28Reviews)
Suntory Toki,70cl / 43%,4,£33.95,(34Reviews)
Shinju Japanese Whisky,70cl / 40%,no rating,£37.45,no views
Yoichi Single Malt,70cl / 45%,4.5,£77.75,(10Reviews)
Hatozaki 12 Year Old Umeshu Finish,70cl / 46%,no rating,£68.95,no views
Yamazaki 18 Year Old,70cl / 43%,5,£950,(39Reviews)
Ichiro's Malt Double Distilleries 2021,70cl / 53.5%,2,£299,(1Review)
Hakushu 12 Year Old,70cl / 43%,4.5,£185,(32Reviews)
Kaiyo Mizunara Oak,70cl / 43%,5,£82.95,(2Reviews)
Shinju 8 Year Old Japanese Whisky,70cl / 40%,no rating,£59.75,no views
Miyagikyo Single Malt,70cl / 45%,4.5,£78.45,(10Reviews)
"Mars Komatgatake Edition
Bot.2021",70cl / 48%,no rating,£145,no views
Hibiki 21 Year Old,70cl / 43%,5,"£1,250",(4Reviews)
"Matsui Mizunara
Kurayoshi Distillery",70cl / 48%,no rating,£125,no views
Akashi Single Malt Whisky,50cl / 46%,5,£66.75,(2Reviews)
"Shizuoka Contact S Single Malt
3 Year Old",70cl / 55.5%,no rating,£175,no views
"The House of Suntory Triology Pack
3x20cl",60cl / 42%,no rating,£44.95,no views
Kaiyo Peated Mizunara Oak,70cl / 46%,no rating,£99.95,no views
Kaiyo Mizunara Oak Cask Strength,70cl / 53%,5,£110,(3Reviews)
